"start_date","end_date","label","id","geometry"
2015-01-01,2015-01-01,"Water",4323,c(-11.26554871, 6.76552648)
2015-01-01,2015-01-01,"Urban",157003,c(-8.52882894, 7.58074826)
2018-01-01,2018-01-01,"Forest",240510,c(-9.77724792, 6.15910658)
2018-01-01,2018-01-01,"Forest",240511,c(-9.78382064, 6.14263466)
2018-01-01,2018-01-01,"Forest",240512,c(-9.77770275, 6.15919576)
2018-01-01,2018-01-01,"Forest",240513,c(-9.85107726, 6.15193634)
2018-01-01,2018-01-01,"Forest",240514,c(-9.85216082, 6.1518427)
2018-01-01,2018-01-01,"Forest",240515,c(-9.15846293, 5.40545161)
2018-01-01,2018-01-01,"Forest",240516,c(-9.15881966, 5.39269858)
2018-01-01,2018-01-01,"Forest",240517,c(-9.15872602, 5.38654502)
2018-01-01,2018-01-01,"Forest",240518,c(-9.16026887, 5.40237483)
2018-01-01,2018-01-01,"Forest",240519,c(-9.16152633, 5.39034418)
2018-01-01,2018-01-01,"Forest",240520,c(-9.16207034, 5.39803167)
2018-01-01,2018-01-01,"Forest",240521,c(-9.16098678, 5.39423251)
2018-01-01,2018-01-01,"Forest",240522,c(-9.16080396, 5.39061618)
2018-01-01,2018-01-01,"Forest",240523,c(-9.15864129, 5.40536243)
2018-01-01,2018-01-01,"Forest",240524,c(-9.15909166, 5.39821449)
2018-01-01,2018-01-01,"Forest",240525,c(-9.60151029, 6.12269802)
2018-01-01,2018-01-01,"Forest",240526,c(-9.60250913, 6.12667553)
2018-01-01,2018-01-01,"Forest",240527,c(-9.60629491, 6.11925559)
2018-01-01,2018-01-01,"Forest",240528,c(-9.6109948, 6.11861348)
2018-01-01,2018-01-01,"Forest",240529,c(-8.97621055, 5.49693453)
2018-01-01,2018-01-01,"Forest",240530,c(-8.9747658, 5.49421894)
2018-01-01,2018-01-01,"Forest",240531,c(-8.97196995, 5.49186899)
2018-01-01,2018-01-01,"Forest",240532,c(-8.96266826, 5.51258151)
2018-01-01,2018-01-01,"Forest",240533,c(-8.97413707, 5.49050896)
2018-01-01,2018-01-01,"Forest",240534,c(-8.96889763, 5.49313537)
2018-01-01,2018-01-01,"Forest",240535,c(-8.97657174, 5.50462202)
2018-01-01,2018-01-01,"Forest",240536,c(-8.97792731, 5.51194832)
2018-01-01,2018-01-01,"Forest",240537,c(-8.98478986, 5.49557447433472)
2018-01-01,2018-01-01,"Forest",240538,c(-8.97991161, 5.49801809)
2018-01-01,2018-01-01,"Forest",240539,c(-9.14806877, 5.35977258)
2018-01-01,2018-01-01,"Forest",240540,c(-9.14401098, 5.36058414)
2018-01-01,2018-01-01,"Forest",240541,c(-9.15520333, 5.3646553)
2018-01-01,2018-01-01,"Forest",240542,c(-9.14599528, 5.36094532)
2018-01-01,2018-01-01,"Forest",240543,c(-9.16070586, 5.3619397)
2018-01-01,2018-01-01,"Forest",240544,c(-9.16332781, 5.36555603)
2018-01-01,2018-01-01,"Forest",240545,c(-9.14229423, 5.36619369)
2018-01-01,2018-01-01,"Forest",240546,c(-9.59334568, 6.25830374)
2018-01-01,2018-01-01,"Forest",240547,c(-9.5910758972168, 6.24726746)
2018-01-01,2018-01-01,"Forest",240548,c(-9.59558415, 6.2396647)
2018-01-01,2018-01-01,"Forest",240549,c(-9.59992731, 6.24110944)
2018-01-01,2018-01-01,"Forest",240550,c(-9.60878309, 6.2406457)
2018-01-01,2018-01-01,"Forest",240551,c(-9.5933323, 6.24636226)
2018-01-01,2018-01-01,"Forest",240552,c(-9.02226861, 5.90058573)
2018-01-01,2018-01-01,"Forest",240553,c(-9.00736183, 5.91288839)
2018-01-01,2018-01-01,"Forest",240554,c(-9.00935059, 5.90962879)
2018-01-01,2018-01-01,"Forest",240555,c(-9.01450085, 5.90845605)
2018-01-01,2018-01-01,"Forest",240556,c(-9.0200123, 5.89552019)
2018-01-01,2018-01-01,"Forest",240557,c(-9.00663946, 5.90085774)
2018-01-01,2018-01-01,"Forest",240558,c(-9.0168508, 5.9001309)
2018-01-01,2018-01-01,"Forest",240559,c(-9.00275558, 5.91162201)
2018-01-01,2018-01-01,"Forest",240560,c(-9.20910048, 5.40453304)
2018-01-01,2018-01-01,"Forest",240561,c(-9.20288004, 5.4203673)
2018-01-01,2018-01-01,"Forest",240562,c(-9.21325191, 5.40453304)
2018-01-01,2018-01-01,"Forest",240563,c(-9.2088374, 5.42199042)
2018-01-01,2018-01-01,"Forest",240564,c(-9.20214874, 5.40435467)
2018-01-01,2018-01-01,"Forest",240565,c(-9.20883294, 5.41783008)
2018-01-01,2018-01-01,"Forest",240566,c(-9.20883294, 5.41185934)
2018-01-01,2018-01-01,"Forest",240567,c(-9.19719022, 5.42045649)
2018-01-01,2018-01-01,"Forest",240568,c(-9.21370673, 5.41194852)
2018-01-01,2018-01-01,"Forest",240569,c(-9.20630463, 5.91755261)
2018-01-01,2018-01-01,"Forest",240570,c(-9.20115436, 5.91737425)
2018-01-01,2018-01-01,"Forest",240571,c(-9.20169392, 5.91258071)
2018-01-01,2018-01-01,"Forest",240572,c(-9.19735521, 5.90199927)
2018-01-01,2018-01-01,"Forest",240573,c(-9.21451829, 5.90289555)
2018-01-01,2018-01-01,"Forest",240574,c(-9.20448977, 5.90362238)
2018-01-01,2018-01-01,"Forest",240575,c(-9.19609328, 5.91810108)
2018-01-01,2018-01-01,"Forest",240576,c(-9.20340621, 5.90009523)
2018-01-01,2018-01-01,"Forest",240577,c(-9.21208808, 5.92008538)
2018-01-01,2018-01-01,"Forest",240578,c(-9.10041881, 5.91088626)
2018-01-01,2018-01-01,"Forest",240579,c(-9.09084066, 5.90645837)
2018-01-01,2018-01-01,"Forest",240580,c(-9.10159602, 5.92309973)
2018-01-01,2018-01-01,"Forest",240581,c(-9.09500122070312, 5.92364374)
2018-01-01,2018-01-01,"Forest",240582,c(-9.09309697, 5.90139283)
2018-01-01,2018-01-01,"Forest",240583,c(-9.09400663, 5.92400493)
2018-01-01,2018-01-01,"Forest",240584,c(-9.10737501, 5.91893939)
2018-01-01,2018-01-01,"Forest",240585,c(-9.10493588, 5.91514024)
2018-01-01,2018-01-01,"Forest",240586,c(-9.10349113, 5.92364374)
2018-01-01,2018-01-01,"Forest",240587,c(-9.10285794, 5.9153186)
2018-01-01,2018-01-01,"Forest",240588,c(-9.47837668, 5.86591176)
2018-01-01,2018-01-01,"Forest",240589,c(-9.47729312, 5.86872100830078)
2018-01-01,2018-01-01,"Forest",240590,c(-9.48342884, 5.85695343)
2018-01-01,2018-01-01,"Forest",240591,c(-9.4050423, 6.13572751)
2018-01-01,2018-01-01,"Forest",240592,c(-9.41346108, 6.15137004)
2018-01-01,2018-01-01,"Forest",240593,c(-9.41607858, 6.14566684)
2018-01-01,2018-01-01,"Forest",240594,c(-9.41191823, 6.14341054)
2018-01-01,2018-01-01,"Forest",240595,c(-9.3980861, 6.13998149)
2018-01-01,2018-01-01,"Forest",240596,c(-9.40955937, 6.13463503)
2018-01-01,2018-01-01,"Forest",240597,c(-9.41390253, 6.14114532)
2018-01-01,2018-01-01,"Forest",240598,c(-9.4008017, 6.14613059)
2018-01-01,2018-01-01,"Forest",240599,c(-9.40496204, 6.14965774)
2018-01-01,2018-01-01,"Forest",240600,c(-9.41191823, 6.14522093)
2018-01-01,2018-01-01,"Forest",240601,c(-9.76704996, 6.16789546)
2018-01-01,2018-01-01,"Forest",240602,c(-9.77391698, 6.16634816)
2018-01-01,2018-01-01,"Forest",240603,c(-9.76597086, 6.17251063)
2018-01-01,2018-01-01,"Forest",240604,c(-9.76543577, 6.17667097)
2018-01-01,2018-01-01,"Forest",240605,c(-9.77237859, 6.16607615)
2018-01-01,2018-01-01,"Forest",240606,c(-9.76580587, 6.18435846)
2018-01-01,2018-01-01,"Forest",240607,c(-9.76741115, 6.16834583)
2018-01-01,2018-01-01,"Forest",240608,c(-9.05440535, 5.64031692)
2018-01-01,2018-01-01,"Forest",240609,c(-9.04682042, 5.63887217)
2018-01-01,2018-01-01,"Forest",240610,c(-9.05982316, 5.63787334)
2018-01-01,2018-01-01,"Forest",240611,c(-9.04609804, 5.62846909)
2018-01-01,2018-01-01,"Forest",240612,c(-9.06199028, 5.62512031)
2018-01-01,2018-01-01,"Forest",240613,c(-9.06460777, 5.63081904)
2018-01-01,2018-01-01,"Forest",240614,c(-9.05531055, 5.6342568397522)
2018-01-01,2018-01-01,"Forest",240615,c(-9.05223823, 5.64167249)
2018-01-01,2018-01-01,"Forest",240616,c(-9.05711648, 5.64384407)
2018-01-01,2018-01-01,"Forest",240617,c(-9.05232741, 5.62810344)
2018-01-01,2018-01-01,"Forest",240618,c(-9.11128564, 6.04712517)
2018-01-01,2018-01-01,"Forest",240619,c(-9.10875733, 6.04974712)
2018-01-01,2018-01-01,"Forest",240620,c(-9.10649657, 6.04721435)
2018-01-01,2018-01-01,"Forest",240621,c(-9.09800198, 6.04649198)
2018-01-01,2018-01-01,"Forest",240622,c(-9.11254757, 6.03246811)
2018-01-01,2018-01-01,"Forest",240623,c(-9.10341979, 6.03165655)
2018-01-01,2018-01-01,"Forest",240624,c(-9.11019762, 6.03246811)
2018-01-01,2018-01-01,"Forest",240625,c(-9.0958304, 6.03310576)
2018-01-01,2018-01-01,"Forest",240626,c(-9.10098512, 6.03916568)
2018-01-01,2018-01-01,"Forest",240627,c(-9.09646805, 6.05273472)
2018-01-01,2018-01-01,"Forest",240628,c(-9.05044567, 5.79455723)
2018-01-01,2018-01-01,"Forest",240629,c(-9.07140344, 5.79935076)
2018-01-01,2018-01-01,"Forest",240630,c(-9.05071767, 5.80043878)
2018-01-01,2018-01-01,"Forest",240631,c(-9.06011295318604, 5.78533135)
2018-01-01,2018-01-01,"Forest",240632,c(-9.06598117, 5.79320166)
2018-01-01,2018-01-01,"Forest",240633,c(-9.05297844, 5.80378757)
2018-01-01,2018-01-01,"Forest",240634,c(-9.05704068, 5.79609562)
2018-01-01,2018-01-01,"Forest",240635,c(-9.05595712, 5.80016678)
2018-01-01,2018-01-01,"Forest",240636,c(-9.05496274, 5.80170517)
2018-01-01,2018-01-01,"Forest",240637,c(-9.23718836, 5.44694801)
2018-01-01,2018-01-01,"Forest",240638,c(-9.23954277, 5.4599775)
2018-01-01,2018-01-01,"Forest",240639,c(-9.25036946, 5.44142764)
2018-01-01,2018-01-01,"Forest",240640,c(-9.25289777, 5.45065352)
2018-01-01,2018-01-01,"Forest",240641,c(-9.25245186, 5.46214016)
2018-01-01,2018-01-01,"Forest",240642,c(-9.25154221, 5.44160604476929)
2018-01-01,2018-01-01,"Forest",240643,c(-9.25280413, 5.44151682)
2018-01-01,2018-01-01,"Forest",240644,c(-9.2413487, 5.46097188)
2018-01-01,2018-01-01,"Forest",240645,c(-9.23836556, 5.45400676)
2018-01-01,2018-01-01,"Forest",240646,c(-9.32912165, 5.98154071)
2018-01-01,2018-01-01,"Forest",240647,c(-9.33833415, 5.97845947)
2018-01-01,2018-01-01,"Forest",240648,c(-9.3417632, 5.96859594)
2018-01-01,2018-01-01,"Forest",240649,c(-9.3316455, 5.97194919)
2018-01-01,2018-01-01,"Forest",240650,c(-9.32703925, 5.97693014144897)
2018-01-01,2018-01-01,"Forest",240651,c(-9.33489618, 5.96787803)
2018-01-01,2018-01-01,"Forest",240652,c(-9.33508792, 5.98452385)
2018-01-01,2018-01-01,"Forest",240653,c(-9.32731125, 5.9745756)
2018-01-01,2018-01-01,"Forest",240654,c(-9.34177212, 5.98488058)
2018-01-01,2018-01-01,"Forest",240655,c(-9.34122811, 5.98488058)
2018-01-01,2018-01-01,"Forest",240656,c(-8.94711938, 5.72146364)
2018-01-01,2018-01-01,"Forest",240657,c(-8.96121014, 5.72861158)
2018-01-01,2018-01-01,"Forest",240658,c(-8.94495225, 5.71983607)
2018-01-01,2018-01-01,"Forest",240659,c(-8.94991969, 5.73249992)
2018-01-01,2018-01-01,"Forest",240660,c(-8.9613885, 5.73268274)
2018-01-01,2018-01-01,"Forest",240661,c(-8.96030494, 5.71856969)
2018-01-01,2018-01-01,"Forest",240662,c(-8.95922138, 5.72164647)
2018-01-01,2018-01-01,"Forest",240663,c(-9.69814793, 5.86161319)
2018-01-01,2018-01-01,"Forest",240664,c(-9.71405354, 5.86584488)
2018-01-01,2018-01-01,"Forest",240665,c(-9.70095271, 5.86378031)
2018-01-01,2018-01-01,"Forest",240666,c(-9.6923734, 5.86632204055786)
2018-01-01,2018-01-01,"Forest",240667,c(-9.71404017, 5.85616417)
2018-01-01,2018-01-01,"Forest",240668,c(-9.70979956, 5.85797902)
2018-01-01,2018-01-01,"Forest",240669,c(-9.70465822, 5.8661258)
2018-01-01,2018-01-01,"Forest",240670,c(-9.6947278, 5.86912232)
2018-01-01,2018-01-01,"Forest",240671,c(-9.10988102, 6.24107377)
2018-01-01,2018-01-01,"Forest",240672,c(-9.11222651, 6.22777673)
2018-01-01,2018-01-01,"Forest",240673,c(-9.1047263, 6.22968077)
2018-01-01,2018-01-01,"Forest",240674,c(-9.10915865, 6.23935702)
2018-01-01,2018-01-01,"Forest",240675,c(-9.10752662, 6.22633198)
2018-01-01,2018-01-01,"Forest",240676,c(-9.11792524, 6.23673061)
2018-01-01,2018-01-01,"Forest",240677,c(-9.11557084, 6.2238883972168)
2018-01-01,2018-01-01,"Forest",240678,c(-9.12145239, 6.24044058)
2018-01-01,2018-01-01,"Forest",240679,c(-9.12045355, 6.22813792)
2018-01-01,2018-01-01,"Forest",240680,c(-9.1217244, 6.24550612)
2018-01-01,2018-01-01,"Forest",240681,c(-9.30868559, 5.95151759)
2018-01-01,2018-01-01,"Forest",240682,c(-9.29794361, 5.97142747)
2018-01-01,2018-01-01,"Forest",240683,c(-9.30218422, 5.96065874)
2018-01-01,2018-01-01,"Forest",240684,c(-9.3005611, 5.97088346)
2018-01-01,2018-01-01,"Forest",240685,c(-9.2910766, 5.97088792)
2018-01-01,2018-01-01,"Forest",240686,c(-9.31005007, 5.97006299)
2018-01-01,2018-01-01,"Forest",240687,c(-9.29279335, 5.97124911)
2018-01-01,2018-01-01,"Forest",240688,c(-9.29550448, 5.97133829)
2018-01-01,2018-01-01,"Forest",240689,c(-9.30561772, 5.96165312)
2018-01-01,2018-01-01,"Forest",240690,c(-9.2924277, 5.96265642)
2018-01-01,2018-01-01,"Forest",240691,c(-9.07779333, 5.61842274)
2018-01-01,2018-01-01,"Forest",240692,c(-9.09070243, 5.61787873)
2018-01-01,2018-01-01,"Forest",240693,c(-9.08212758, 5.61597915)
2018-01-01,2018-01-01,"Forest",240694,c(-9.09224082, 5.63678531)
2018-01-01,2018-01-01,"Forest",240695,c(-9.09242364, 5.63741851)
2018-01-01,2018-01-01,"Forest",240696,c(-9.0990142, 5.62312263)
2018-01-01,2018-01-01,"Forest",240697,c(-9.09323074, 5.61778508)
2018-01-01,2018-01-01,"Forest",240698,c(-9.07869853, 5.63660695)
2018-01-01,2018-01-01,"Forest",240699,c(-9.08618982, 5.63144777)
2018-01-01,2018-01-01,"Forest",240700,c(-9.14523724, 5.94226941)
2018-01-01,2018-01-01,"Forest",240701,c(-9.13782175, 5.92255126)
2018-01-01,2018-01-01,"Forest",240702,c(-9.13430352, 5.94055266)
2018-01-01,2018-01-01,"Forest",240703,c(-9.13014318, 5.92499485)
2018-01-01,2018-01-01,"Forest",240704,c(-9.14875993, 5.94145339)
2018-01-01,2018-01-01,"Forest",240705,c(-9.15246098, 5.9305063)
2018-01-01,2018-01-01,"Forest",240706,c(-9.14595961, 5.93946463)
2018-01-01,2018-01-01,"Forest",240707,c(-9.15255016, 5.92471839)
2018-01-01,2018-01-01,"Forest",240708,c(-9.13032627105713, 5.93195997)
2018-01-01,2018-01-01,"Forest",240709,c(-9.14694953, 5.92236844)
2006-01-01,2006-01-01,"Forest",240710,c(-8.82916724, 6.75416469)
2012-01-01,2012-01-01,"Forest",240713,c(-8.8875012, 6.87083261)
2009-01-01,2009-01-01,"Forest",240714,c(-7.70416725, 4.62916671)
2007-01-01,2007-01-01,"Forest",240715,c(-8.32916824, 7.12083211)
2007-01-01,2007-01-01,"Forest",240717,c(-7.57916527, 4.67916661)
2002-01-01,2002-01-01,"Forest",240718,c(-8.6875016, 4.86249809)
1999-01-01,2018-01-01,"Water",240734,c(-10.91048833, 7.04239207)
1999-01-01,2018-01-01,"Water",240736,c(-10.62631873, 6.52084223)
2015-01-01,2015-01-01,"Urban",240749,c(-9.46316668, 6.98705016)
2015-01-01,2015-01-01,"Urban",240750,c(-10.59100265, 6.22330425)
2018-01-01,2018-01-01,"Urban",240752,c(-9.79043349, 6.15248035)
2018-01-01,2018-01-01,"Urban",240753,c(-9.78745035, 6.15058523)
2018-01-01,2018-01-01,"Urban",240754,c(-9.78219307, 6.14100708)
2018-01-01,2018-01-01,"Urban",240755,c(-9.78437357, 6.15041133)
2018-01-01,2018-01-01,"Urban",240756,c(-9.75176862, 6.09880615)
2018-01-01,2018-01-01,"Urban",240757,c(-9.75212535, 6.09717858)
2018-01-01,2018-01-01,"Urban",240758,c(-9.74100881, 6.09475283)
2018-01-01,2018-01-01,"Urban",240759,c(-9.75113543, 6.09754423)
2018-01-01,2018-01-01,"Urban",240760,c(-9.75122461, 6.09672821)
2018-01-01,2018-01-01,"Urban",240761,c(-9.75140298, 6.09717858)
2018-01-01,2018-01-01,"Urban",240762,c(-9.74769746, 6.09727668)
2018-01-01,2018-01-01,"Urban",240763,c(-9.78213064, 6.09695562)
2018-01-01,2018-01-01,"Urban",240764,c(-9.78221982, 6.09641161)
2018-01-01,2018-01-01,"Urban",240765,c(-9.78176499, 6.09659444)
2018-01-01,2018-01-01,"Urban",240766,c(-9.79253372, 6.10454056)
2018-01-01,2018-01-01,"Urban",240767,c(-9.79280573, 6.10471892)
2018-01-01,2018-01-01,"Urban",240768,c(-9.7793437, 6.16896119)
2018-01-01,2018-01-01,"Urban",240769,c(-9.77888887, 6.16923319)
2018-01-01,2018-01-01,"Urban",240770,c(-9.77888887, 6.16941602)
2018-01-01,2018-01-01,"Urban",240771,c(-9.77997244, 6.16832780838013)
1999-01-01,2018-01-01,"Urban",240772,c(-10.73491122, 6.35923103)
2015-01-01,2015-01-01,"Urban",240779,c(-8.65684082, 7.24792095)
2015-01-01,2015-01-01,"Urban",240782,c(-9.67256607, 6.81996319)
2015-01-01,2015-01-01,"Urban",240783,c(-10.77263968, 6.28906262)
2015-01-01,2015-01-01,"Urban",240784,c(-10.63304306, 6.36371243)
2015-01-01,2015-01-01,"Urban",240786,c(-10.67104352, 6.27477566)
2015-01-01,2015-01-01,"Urban",240789,c(-10.78342178, 6.36991058)
2015-01-01,2015-01-01,"Urban",240790,c(-8.99154986, 6.78088809)
2015-01-01,2015-01-01,"Urban",240791,c(-10.51069424, 7.31556552)
2015-01-01,2015-01-01,"Urban",240793,c(-10.00916577, 5.89344225)
2015-01-01,2015-01-01,"Urban",240794,c(-8.12890109, 6.06160833)
2015-01-01,2015-01-01,"Urban",240796,c(-10.72979217, 6.35643517)
2015-01-01,2015-01-01,"Urban",240797,c(-10.69044507, 6.26642376)
1999-01-01,2018-01-01,"Urban",240799,c(-10.69312944, 6.31467123)
1999-01-01,2018-01-01,"Forest",240802,c(-10.32147229, 6.41105916)
1999-01-01,2013-01-01,"Forest",240807,c(-11.25993024, 7.02908165)
1999-01-01,2013-01-01,"Forest",240808,c(-9.57731967, 8.29317883)
2001-01-01,2018-01-01,"Forest",240809,c(-8.66411807, 6.19816827774048)
2003-01-01,2018-01-01,"Forest",240810,c(-10.01477978, 6.86937895)
2007-01-01,2015-01-01,"Forest",240811,c(-10.40702014, 6.96636885)
1999-01-01,2018-01-01,"Forest",240812,c(-8.79727129, 7.36882948)
1999-01-01,2018-01-01,"Forest",240813,c(-8.5618798, 6.14892199)
1999-01-01,2018-01-01,"Forest",240814,c(-9.06624872, 5.31403112)
1999-01-01,2018-01-01,"Forest",240817,c(-9.09027882, 7.14896012)
2000-01-01,2018-01-01,"Forest",240819,c(-9.15050789, 6.44492158)
1999-01-01,2018-01-01,"Forest",240820,c(-8.7117814, 7.39564205)
1999-01-01,2018-01-01,"Forest",240821,c(-10.69911802, 7.53826194)
1999-01-01,2018-01-01,"Forest",240822,c(-10.3619208, 6.8531389)
1999-01-01,2018-01-01,"Forest",240823,c(-9.95121083, 7.2431185)
1999-01-01,2018-01-01,"Forest",240824,c(-10.62989939, 7.67714956)
1999-01-01,2018-01-01,"Forest",240825,c(-10.63010897, 7.09454125)
1999-01-01,2018-01-01,"Forest",240826,c(-10.37342974, 7.53341936)
1999-01-01,2018-01-01,"Forest",240827,c(-10.13778854, 7.62390789)
1999-01-01,2018-01-01,"Forest",240828,c(-10.15810866, 7.45209873)
1999-01-01,2018-01-01,"Forest",240829,c(-10.15595938, 7.45737831)
1999-01-01,2018-01-01,"Forest",240830,c(-10.21591199, 7.36360787)
1999-01-01,2018-01-01,"Forest",240832,c(-9.52930853, 7.46897197)
1999-01-01,2018-01-01,"Forest",240834,c(-10.59617967, 6.59263822)
1999-01-01,2018-01-01,"Forest",240835,c(-10.81278942, 6.92740077)
1999-01-01,2018-01-01,"Forest",240840,c(-10.42750971, 7.45769936)
1999-01-01,2018-01-01,"Forest",240841,c(-9.02842217, 7.23328172)
1999-01-01,2018-01-01,"Forest",240842,c(-9.56364807, 8.1047506)
1999-01-01,2018-01-01,"Forest",240843,c(-9.72801053, 8.3433125)
1999-01-01,2018-01-01,"Forest",240844,c(-8.79043103, 7.28563157)
1999-01-01,2018-01-01,"Forest",240845,c(-8.44694201, 7.04912977)
1999-01-01,2018-01-01,"Forest",240846,c(-9.59368903, 7.32431873)
1999-01-01,2018-01-01,"Forest",240847,c(-9.70001184, 6.65272906)
2000-01-01,2018-01-01,"Forest",240848,c(-9.61782168, 6.28901803)
1999-01-01,2018-01-01,"Forest",240849,c(-10.44704058, 6.66768043)
1999-01-01,2018-01-01,"Forest",240850,c(-10.87148903, 6.90283112)
1999-01-01,2018-01-01,"Forest",240851,c(-10.43204016, 7.67884848)
1999-01-01,2018-01-01,"Forest",240852,c(-9.35716047, 6.87475216)
1999-01-01,2018-01-01,"Forest",240853,c(-9.59157096, 7.27909007)
1999-01-01,2018-01-01,"Forest",240854,c(-10.56369066, 6.43538802)
1999-01-01,2018-01-01,"Forest",240857,c(-10.87611757, 6.97521125)
1999-01-01,2018-01-01,"Forest",240860,c(-9.17311954498291, 7.10559982)
1999-01-01,2018-01-01,"Forest",240862,c(-9.58487785, 7.35181801)
1999-01-01,2018-01-01,"Forest",240863,c(-8.64312908, 6.84897856)
1999-01-01,2018-01-01,"Forest",240864,c(-9.30395002, 6.59857774)
1999-01-01,2018-01-01,"Forest",240865,c(-8.78920031, 5.90459001)
1999-01-01,2018-01-01,"Forest",240866,c(-8.97642905, 6.10334106)
1999-01-01,2018-01-01,"Forest",240868,c(-10.19159205, 8.35393854)
1999-01-01,2018-01-01,"Forest",240869,c(-10.4201299, 7.95756905)
1999-01-01,2018-01-01,"Forest",240870,c(-9.33791053, 7.21597149)
1999-01-01,2018-01-01,"Forest",240872,c(-8.93632835, 6.70061981)
1999-01-01,2018-01-01,"Forest",240874,c(-8.41677173, 7.11560159)
1999-01-01,2018-01-01,"Forest",240875,c(-9.59326096, 6.58190962)
1999-01-01,2018-01-01,"Forest",240876,c(-8.51777929, 6.33962882)
1999-01-01,2018-01-01,"Forest",240877,c(-8.92704005, 6.50796881)
1999-01-01,2018-01-01,"Forest",240878,c(-9.32762785, 7.22946027)
1999-01-01,2018-01-01,"Forest",240879,c(-11.2279897, 6.95514975)
1999-01-01,2018-01-01,"Forest",240880,c(-10.82997926, 7.51172137)
1999-01-01,2018-01-01,"Forest",240881,c(-9.84558811, 7.29379173)
1999-01-01,2018-01-01,"Forest",240882,c(-10.30211979, 7.19248987)
1999-01-01,2018-01-01,"Forest",240883,c(-9.97585183, 6.51253938)
1999-01-01,2018-01-01,"Forest",240884,c(-10.63868828, 6.5353789)
1999-01-01,2018-01-01,"Forest",240886,c(-10.26374923, 6.43063016)
1999-01-01,2018-01-01,"Forest",240888,c(-8.56244165, 6.35801816)
1999-01-01,2018-01-01,"Forest",240889,c(-10.97892215, 6.9547306)
1999-01-01,2018-01-01,"Forest",240890,c(-9.34697143, 5.53452921)
1999-01-01,2018-01-01,"Forest",240891,c(-9.33494077, 5.45347167)
1999-01-01,2018-01-01,"Forest",240892,c(-9.57892049, 7.05279069)
1999-01-01,2018-01-01,"Forest",240893,c(-9.79829934, 6.34044933319092)
1999-01-01,2018-01-01,"Forest",240894,c(-10.89629055, 7.38774053)
1999-01-01,2018-01-01,"Forest",240895,c(-10.91990149, 7.45992891)
1999-01-01,2018-01-01,"Forest",240896,c(-10.1169691085815, 7.06260071)
1999-01-01,2018-01-01,"Forest",240897,c(-10.94312895, 7.36688085)
1999-01-01,2018-01-01,"Forest",240898,c(-7.74758106, 5.11615851)
1999-01-01,2018-01-01,"Forest",240899,c(-9.81589941, 6.16493016)
1999-01-01,2018-01-01,"Forest",240900,c(-7.78736962, 4.60836054)
1999-01-01,2018-01-01,"Forest",240901,c(-10.01036973, 6.38348854)
1999-01-01,2018-01-01,"Forest",240902,c(-8.24465043, 6.22395082)
1999-01-01,2018-01-01,"Forest",240903,c(-9.9560222, 6.66270853)
1999-01-01,2018-01-01,"Forest",240904,c(-9.63270171, 7.04925016)
1999-01-01,2018-01-01,"Forest",240905,c(-9.27651763, 6.47349104)
1999-01-01,2018-01-01,"Forest",240906,c(-11.03813901, 6.90441856)
1999-01-01,2018-01-01,"Forest",240907,c(-9.99032161, 6.39934064)
1999-01-01,2018-01-01,"Forest",240909,c(-10.15673972, 7.41061125)
1999-01-01,2018-01-01,"Forest",240910,c(-9.75287002, 8.06560861)
1999-01-01,2018-01-01,"Forest",240911,c(-10.13142094, 7.36602024)
1999-01-01,2018-01-01,"Forest",240912,c(-9.84977966, 7.73707096)
1999-01-01,2018-01-01,"Forest",240914,c(-9.56115097, 7.74115104)
1999-01-01,2009-01-01,"Forest",240915,c(-8.67561809, 4.99088007)
1999-01-01,2009-01-01,"Forest",240916,c(-8.29086902, 7.01293079)
1999-01-01,2014-01-01,"Forest",240917,c(-8.82303151, 6.67584058)
2009-01-01,2018-01-01,"Forest",240918,c(-8.42419168, 6.28030048)
1999-01-01,2009-01-01,"Forest",240927,c(-9.27996898, 5.50508131)
2013-01-01,2018-01-01,"Forest",240929,c(-9.27996898, 5.50508131)
2002-01-01,2018-01-01,"Forest",240933,c(-8.46164813, 6.99066204)
2004-01-01,2018-01-01,"Forest",240934,c(-10.19420955, 6.88152108)
2004-01-01,2018-01-01,"Forest",240935,c(-10.56735158, 6.51550915)
1999-01-01,2018-01-01,"Forest",240936,c(-10.30424232, 7.1688388)
1999-01-01,2018-01-01,"Forest",240937,c(-10.45211057, 7.40743192)
1999-01-01,2018-01-01,"Forest",240939,c(-10.95948939, 7.32372121)
1999-01-01,2018-01-01,"Forest",240941,c(-9.44900012, 7.21549883)
1999-01-01,2018-01-01,"Forest",240943,c(-9.53205979, 6.57637142)
1998-01-01,2018-01-01,"Forest",240944,c(-10.43278929, 7.25036008)
1999-01-01,2018-01-01,"Farmbush",240964,c(-9.47039043, 7.81175199)
1999-01-01,2018-01-01,"Farmbush",240966,c(-10.42152114, 6.35352784)
1999-01-01,2018-01-01,"Farmbush",240968,c(-9.27851085, 7.06888805)
2000-01-01,2011-01-01,"Farmbush",240972,c(-11.35815978, 6.8107596)
2018-01-01,2018-01-01,"Regrowth",240990,c(-9.74343902, 6.08751125)
2018-01-01,2018-01-01,"Regrowth",240991,c(-9.74281029, 6.08896046)
2018-01-01,2018-01-01,"Regrowth",240992,c(-9.74334984, 6.08896046)
2018-01-01,2018-01-01,"Regrowth",240993,c(-9.74271665, 6.08651687)
2018-01-01,2018-01-01,"Regrowth",240994,c(-9.74280583, 6.08877763)
2018-01-01,2018-01-01,"Regrowth",240995,c(-9.78087763, 6.16814517)
2018-01-01,2018-01-01,"Regrowth",240996,c(-9.78015526, 6.16796681)
1999-01-01,2018-01-01,"Regrowth",240998,c(-9.27934024, 7.15148843)
2012-01-01,2018-01-01,"Regrowth",241000,c(-9.23130235, 7.3047299)
